0.0,0.0,0.0,1.0,0.0,0.0
0.05,0.0,0.0,1.0,-2.3797608341390814e-14,0.025
0.1,0.0,-1.3322676295501878e-15,1.00125,-4.6723958222782065e-14,0.05
0.15006250000000002,-6.669664820435629e-17,-3.552713678800501e-15,1.00375,-6.882850183825243e-14,0.07500000000000001
0.20025,-2.449984659591564e-16,-7.105427357601002e-15,1.0074999999999998,-9.019515791086441e-14,0.1
0.250625,-6.029343690983069e-16,-1.1546319456101628e-14,1.0124999999999997,-1.1077437655515656e-13,0.125
0.30124999999999996,-1.1874667915634516e-15,-1.7319479184152442e-14,1.0187499999999998,-1.3064169736090955e-13,0.15
0.3521875,-2.0696777625062164e-15,-2.398081733190338e-14,1.0262499999999999,-1.4981510208754523e-13,0.175
0.40349999999999997,-3.3001934518495087e-15,-3.1530333899354446e-14,1.035,-1.6835091686786862e-13,0.19999999999999998
0.45525,-4.9318882311411016e-15,-4.04121180963557e-14,1.045,-1.8634064837017527e-13,0.22499999999999998
0.5075,-7.0434214016756874e-15,-5.0182080713057076e-14,1.05625,-2.0363089924044746e-13,0.24999999999999997
0.5603125,-9.693662539334015e-15,-6.084022174945858e-14,1.0687499999999999,-2.2037559787908778e-13,0.27499999999999997
0.61375,-1.2944811889070707e-14,-7.283063041541027e-14,1.0824999999999998,-2.3660793476101143e-13,0.3
0.667875,-1.6886769760304786e-14,-8.570921750106208e-14,1.0974999999999997,-2.5242954946638637e-13,0.325
0.72275,-2.1590063070675567e-14,-9.947598300641403e-14,1.1137499999999998,-2.681055148772866e-13,0.35000000000000003
0.7784375,-2.7129631874345247e-14,-1.1457501614131615e-13,1.1312499999999999,-2.8385754077316863e-13,0.37500000000000006
0.835,-3.361028122483844e-14,-1.305622276959184e-13,1.15,-2.979710668567878e-13,0.4000000000000001
0.8925,-4.111760931735375e-14,-1.4788170688007085e-13,1.17,-3.131724600107484e-13,0.4250000000000001
0.951,-4.976868916983789e-14,-1.6608936448392342e-13,1.19125,-3.2792873984694755e-13,0.4500000000000001
1.0105625,-5.966138694191158e-14,-1.8562928971732617e-13,1.2137499999999999,-3.4383851704447644e-13,0.47500000000000014
1.07125,-7.092676446163182e-14,-2.0650148258027912e-13,1.2374999999999998,-3.5718604293285214e-13,0.5000000000000001
1.133125,-8.370404369628659e-14,-2.2870594307278225e-13,1.2624999999999997,-3.5758284237511844e-13,0.5236730797642397
1.19625,-9.814110635275597e-14,-2.5135449277513544e-13,1.2886836539882118,-3.9559837922431326e-13,0.5459684363359548
1.2606841826994106,-1.1433692766254673e-13,-2.76667577736589e-13,1.3159820758050096,-4.901486547740934e-13,0.56693532102751
1.3264832864896612,-1.3254140632543375e-13,-3.090860900556436e-13,1.344328841856385,-6.745936979068208e-13,0.5866215358061242
1.3936997285824804,-1.5331707359935482e-13,-3.5438318946034997e-13,1.3736599186466911,-1.0263244122724895e-12,0.6050734709831171
1.4623827245148149,-1.776571727595478e-13,-4.249933738265099e-13,1.403913592195847,-1.7041011570995812e-12,0.6223361418847623
1.5325784041246073,-2.074898714649582e-13,-5.444533712761768e-13,1.435030399290085,-3.081183782490055e-12,0.6384532247772198
1.6043299240891116,-2.4655522840382245e-13,-7.65609797781508e-13,1.466953060528946,-6.177415097781578e-12,0.6534670917093091
1.677677577115559,-3.02710910205149e-13,-1.2185807918285718e-12,1.4996264151144114,-1.4168954244525433e-11,0.6674188444817729
1.7526588978712796,-3.940817074240071e-13,-2.2808421817899216e-12,1.5329973573385,-3.786065377717058e-11,0.6803483480732035
1.8293087657382046,-5.689079592835135e-13,-5.182965168160081e-12,1.5670147747421603,-1.026354559555383e-10,0.6922942626344328
1.9076595044753126,-9.749971090575551e-13,-1.3224532580125015e-11,1.601629487873882,9.61887450719779e-11,0.7032940771253541
1.9877409788690068,-2.03403717624141e-12,-5.5218052352756786e-12,1.6367941917301496,3.399751458753569e-10,0.713384122302616
2.069580688455514,-2.485940113089628e-12,2.2301716029460295e-11,1.6724633978452803,-5.274547336917592e-10,0.722599649337459
2.153203858347778,-6.209999246690424e-13,-2.1805668382057775e-11,1.7085933803121534,2.1025432624672015e-09,0.7309748450098865
2.238633527363386,-2.483850957212339e-12,1.578137620583675e-10,1.7451421225626478,-8.9130056274109e-09,0.7385427757289277
2.325890633491518,1.1286521227194466e-11,-6.199094571002206e-10,1.7820692613490943,6.844708918423915e-08,0.7453355354887544
2.414994096558973,-4.394955818870094e-11,5.478963061023023e-09,1.819336038123532,-1.0178528573750601e-08,0.7513842020589035
2.5059608984651494,4.544541892346394e-10,4.553054822054037e-09,1.8569052482264772,6.441733531499898e-08,0.7567188877397522
2.598806160876473,8.7718375896139e-10,1.053389908634017e-08,1.8947411926134647,-3.617871477944756e-08,0.7613687612324955
2.6935432205071463,1.875134384847493e-09,7.106434107839732e-09,1.9328096306750895,5.486206424013858e-08,0.7653620732226505
2.790183702040901,2.5619035990170215e-09,1.2408330363200548e-08,1.971077734336222,1.433680437306417e-07,0.7687261813465703
2.888737588757712,3.784792783976656e-09,2.6537808395232787e-08,2.0095140434035503,1.2270854661044157e-07,0.7714875639388912
2.9892132909278892,6.451197716545302e-09,3.8867035812018e-08,2.048088421600495,1.0022835211157446e-07,0.7736718796347646
3.091617712007914,1.0431354017971594e-08,4.913086204538786e-08,2.086772015582233,7.208606309932212e-08,0.7753039477758995
3.1959563127870254,1.5557599418858925e-08,5.665222113648838e-08,2.125537212971028,3.59776190332755e-08,0.7764077914500858
3.3022331734355768,2.1578419630012413e-08,6.047580969337218e-08,2.1643576025435323,2.793354959063022e-08,0.7770066581555295
3.410451053562753,2.8122983554003707e-08,6.349871917166183e-08,2.2032079354513088,1.8908173666942756e-09,0.7771230365417101
3.520611450335318,3.511802765250368e-08,6.370701255420386e-08,2.2420640872783943,1.6738337440576977e-08,0.7767786744202547
3.6327146546992375,4.225978790028239e-08,6.558343379481357e-08,2.280903020999407,-2.975416167946945e-08,0.775994627992453
3.7467598057492078,4.973926051378763e-08,6.219011572383693e-08,2.3197027523990297,-9.831504298250596e-09,0.7747912212869333
3.862744943369159,5.6952389644617564e-08,6.104980743160127e-08,2.3584423134633763,-4.9574410015715415e-08,0.7731881630235254
3.9806670590423274,6.415151209839153e-08,5.520388812740862e-08,2.3971017216145527,-8.362233807925108e-08,0.7712044494769805
4.100522145123055,7.076797886189294e-08,4.5181325791787685e-08,2.4356619440884018,-3.6238537359729035e-08,0.7688584794694179
4.222305242327475,7.627030065261879e-08,4.0768084463849164e-08,2.4741048680618727,-6.897140124207928e-08,0.7661679855708671
4.346010485730568,8.131352646429714e-08,3.2235960567561506e-08,2.512413267340416,-9.946575909009622e-08,0.7631501593710616
4.471631149097589,8.536302921506734e-08,1.9741005718998395e-08,2.550570775308969,-1.2065859445135011e-07,0.759821577152719
4.599159687863037,8.788057082817157e-08,4.3535912652714615e-09,2.588561854166605,-1.357764331576281e-07,0.7561982411950302
4.728587780571368,8.84440478420673e-08,-1.3219693340005279e-08,2.6263717662263564,-1.423780845953032e-07,0.7522956447625408
4.859906368882686,8.670805637474928e-08,-3.191658226597838e-08,2.6639865484644836,-1.4891816655881948e-07,0.7481286549777252
4.99310569630591,8.245678908327296e-08,-5.1752381935443736e-08,2.70139298121337,-1.4458251569450654e-07,0.7437117480977643
5.128175345366578,7.54666130171989e-08,-7.128109169585173e-08,2.738578568618258,-1.0363133303683484e-07,0.7390586263755918
5.2651042737974905,6.570616951390029e-08,-8.547121899127319e-08,2.775531499937038,-1.0588846216250814e-07,0.7341829108555752
5.4038808487943415,5.3844766481485524e-08,-1.0016605722640293e-07,2.812240645479817,-7.84211408759006e-08,0.7290973376659313
5.544492881068332,3.9760213610008166e-08,-1.1119301301931728e-07,2.8486955123631135,-5.3747270181000497e-08,0.7238144820259237
5.686927656686487,2.3922461750295077e-08,-1.1884849326904146e-07,2.8848862364644097,-3.167032809671645e-08,0.7183463619352176
5.8311719685097065,6.77924262747558e-09,-1.2341675814653286e-07,2.9208035545611706,-2.2204586266864446e-09,0.7127045906124193
5.977212146237764,-1.1244562666864849e-08,-1.2374103430801142e-07,2.9564387840917914,1.9635902934026973e-08,0.706900273441198
6.125034085442352,-2.9536202317456698e-08,-1.208384170503507e-07,2.9917837977638513,-1.3101501489732427e-08,0.7009442600489071
6.274623275330543,-4.761232323139017e-08,-1.2279826000494154e-07,3.026831010766297,2.844714252390743e-09,0.6948468034768744
6.425964825868857,-6.619680230394511e-08,-1.2236773638818477e-07,3.0615733509401406,2.888044193084854e-08,0.6886179328852471
6.579043493415863,-8.49286923409918e-08,-1.1794675680576461e-07,3.096004247584403,4.505242990162564e-08,0.6822671456968914
6.733843705795082,-1.0318687534396435e-07,-1.1097263108439392e-07,3.1301176048692474,1.017669108913639e-08,0.67580376900362
6.8903495860385435,-1.205547446547604e-07,-1.0937991890003218e-07,3.1639077933194284,3.8878050194420844e-08,0.6692367833537729
7.048544975704514,-1.378581435467833e-07,-1.0322959065334203e-07,3.197369632487117,4.604452603359658e-09,0.6625745449305993
7.208413457328869,-1.5436130146323686e-07,-1.0249348392221691e-07,3.230498359733647,4.1697793369560505e-08,0.6558254923189826
7.3699383753155505,-1.7091655304794226e-07,-9.575825110630376e-08,3.2632896343495963,-1.6984630534185548e-09,0.6489971918765204
7.53310285703303,-1.8654089845987457e-07,-9.603538009272938e-08,3.2957394939434224,9.566369387835693e-09,0.6420974776957067
7.6978898317302,-2.0236627820924835e-07,-9.445896687054756e-08,3.3278443678282077,4.605745703771875e-08,0.6351336226976322
7.86428205012161,-2.1808351525379947e-07,-8.679536422917522e-08,3.359601048963089,8.145385617907792e-08,0.6281123018984062
8.032262102569764,-2.3266340508927297e-07,-7.311274119459199e-08,3.3910066640580094,8.109755205325813e-08,0.621040478919961
8.201812435772663,-2.4505969472019347e-07,-5.936262414962812e-08,3.4220586880040074,7.879654597782e-08,0.6139245916097896
8.372915370172862,-2.5521681390589105e-07,-4.588030400043408e-08,3.452754917584497,6.315359158974506e-08,0.606770890627563
8.545553116052087,-2.6313748616877957e-07,-3.4977610141595505e-08,3.483093462115875,6.175939017526737e-08,0.5995849771441456
8.71970778915788,-2.69229000429011e-07,-2.4221923577982807e-08,3.5130727109730824,4.01177391715981e-08,0.5923728952201704
8.895361424706534,-2.734836693654654e-07,-1.717509690024599e-08,3.542691355734091,3.09114006868006e-08,0.5851396713823485
9.07249599249324,-2.765259727315852e-07,-1.169961949543108e-08,3.5719483393032085,6.063183882459457e-08,0.5778906027467363
9.2510934094584,-2.7861549455294443e-07,-8.70929550700339e-10,3.6008428694405454,-1.966172646332773e-09,0.570630631700854
9.431135552930428,-2.7877229857606565e-07,-1.2249232739236504e-09,3.629374401025588,2.3921227157520258e-08,0.5633649324928408
9.612604272981708,-2.789945838347456e-07,3.1160309887923177e-09,3.65754264765023,7.828426577763495e-09,0.55609783913866
9.79548140536422,-2.784247330231002e-07,4.5476711285630245e-09,3.685347539607163,1.733133518031093e-08,0.5488330977900897
9.979748782344577,-2.775867455928706e-07,7.741270735550643e-09,3.7127891944966676,-3.630853976641643e-08,0.5415752271707248
10.16538824206941,-2.761496602759393e-07,1.0009730821991525e-09,3.7398679558552037,-1.9141867459362343e-08,0.5343282800896048
10.35238163986217,-2.7596248491819976e-07,-2.5784299140241274e-09,3.766584369859684,-4.860485588071198e-09,0.5270959451505053
10.540710858355155,-2.7644807860884684e-07,-3.4938012483110015e-09,3.7929391671172095,6.31260479639735e-09,0.5198818080415724
10.730357816711015,-2.771106673886889e-07,-2.2966348822706095e-09,3.818933257519288,2.155639669990798e-08,0.5126895637851199
10.92130447958698,-2.77549202155303e-07,1.8194872275500984e-09,3.844567735708544,5.4857809426308614e-08,0.5055219677771563
11.113532866372406,-2.7719944506077437e-07,1.2364715473722754e-08,3.8698438340974017,5.067584215191704e-08,0.4983822423396809
11.307025058077276,-2.7480696916395665e-07,2.2170095093088094e-08,3.8947629462143856,4.6064642949195266e-08,0.4912733750379259
11.501763205387995,-2.704896059198262e-07,3.114063851228366e-08,3.9193266149662818,4.121086411908345e-08,0.4841981360340199
11.69772953613631,-2.6438708925341434e-07,3.9216580205447826e-08,3.943536521767983,3.624711699141151e-08,0.47715915014069843
11.894906362224708,-2.56654488438463e-07,4.636367156862775e-08,3.967394479275018,4.304722556782447e-08,0.47015915101813543
12.093276086188459,-2.474573397074483e-07,5.490293775167743e-08,3.990902436825925,3.472337113543037e-08,0.4631999958115812
12.292821208029755,-2.3650172630434476e-07,6.183181699981333e-08,4.014062436616504,2.6582193683765644e-08,0.4562841339290274
12.49352432986058,-2.2409188760400994e-07,6.716694622710406e-08,4.036876643312955,1.8709298976535148e-08,0.4494136569601082
12.695368162026227,-2.1053465378266727e-07,7.094330278789585e-08,4.05934732616096,1.1289366867917865e-08,0.44259053650036295
12.898335528334275,-1.9613547845861367e-07,7.323467565711894e-08,4.081476852985978,6.0292283260449344e-09,0.43581666406381075
13.102409370983574,-1.8119019678209034e-07,7.446508343278424e-08,4.103267686189168,6.850148454161263e-10,0.42909374541865664
13.307572755293032,-1.6591268825213417e-07,7.460562345684707e-08,4.124722373460101,-4.928073942064482e-09,0.42242340813922696
13.513808873966036,-1.5052631403921435e-07,7.358927645029212e-08,4.145843543867063,-7.1549920739575975e-09,0.41580719061602006
13.721101051159389,-1.3527183270574975e-07,7.210610242225357e-08,4.166633903397864,-1.1538546210783155e-08,0.4092465409640403
13.929432746329281,-1.2024984615602774e-07,6.970225774338701e-08,4.187096230446066,-1.525539020140879e-08,0.4027439087091966
14.138787557851584,-1.0565734312348195e-07,6.650846851030678e-08,4.207233425881526,-3.4111692537059324e-08,0.39629853583793323
14.34914922914566,-9.166651053244437e-08,5.933267566149425e-08,4.227048352673423,-3.293198666634201e-08,0.3899121836206267
14.560501646779331,-7.91264060867131e-08,5.2372420622504023e-08,4.246543961854454,-3.218621957487858e-08,0.3835862010085719
14.772828844872054,-6.80063167586033e-08,4.553841082000076e-08,4.265723271904882,-2.973070737742678e-08,0.3773215169200024
14.986115008467298,-5.829360381858119e-08,3.919726232481935e-08,4.284589347750882,-2.7412695456963757e-08,0.3711190594171002
15.200344475854841,-4.98963951876853e-08,3.332465503547155e-08,4.303145300721737,-2.5284832851807398e-08,0.3649796497915115
15.415501740890928,-4.272635355198218e-08,2.7884439646186365e-08,4.321394283211313,-2.3440551135935147e-08,0.35890403634240153
15.631571455051494,-3.670137064810315e-08,2.2819646616767386e-08,4.339339485028433,-2.210525574557039e-08,0.35289289899818427
15.848538429302916,-3.175026096817644e-08,1.8023535997002682e-08,4.3569841299783425,-2.2012449206514054e-08,0.3469468590412753
16.066387635801835,-2.7823847952924737e-08,1.3228141249044256e-08,4.374331472930407,-2.677592586767141e-08,0.3410665268781807
16.285104209448356,-2.4930634223221576e-08,7.371802279720896e-09,4.391384799274316,-2.4153001996522813e-08,0.3352521113899586
16.50467344941207,-2.331201319950047e-08,2.068545779110309e-09,4.408147404843813,-2.1993579301203943e-08,0.3295041964803308
16.725080819654263,-2.2856090464101182e-08,-2.7790010292960687e-09,4.42462261466783,-2.055168391590842e-08,0.32382313817099434
16.946311950387653,-2.347089200412161e-08,-7.32567340122614e-09,4.440813771576379,-2.03975400198924e-08,0.3182092319330436
17.16835263896647,-2.5097489570433402e-08,-1.185475717591089e-08,4.4567242331730315,-2.278009430375386e-08,0.31266271049272587
17.391188850625124,-2.77391587496466e-08,-1.6930987278840348e-08,4.472357368697668,-1.4090724519193269e-08,0.30718406981725466
17.614806719060006,-3.1525230035439005e-08,-2.008192501179451e-08,4.48771657218853,-1.6407366606642992e-08,0.3017729541079769
17.839192547669434,-3.6031329419282886e-08,-2.3763505385687722e-08,4.502805219893929,-7.899313732926425e-09,0.29642997086777567
18.06433280866413,-4.13814512239655e-08,-2.5541958770247675e-08,4.5176267184373184,-9.09758755223883e-09,0.2911547029487532
18.290214144585995,-4.715090299305026e-08,-2.7596934071283385e-08,4.532184453584756,-1.3565895418110208e-08,0.28594735216701317
18.516823367265232,-5.340462277127396e-08,-3.067109100030052e-08,4.546481821193107,-4.154252825350123e-09,0.2808082419752565
18.74414745832489,-6.037690065472525e-08,-3.161545292229562e-08,4.56052223329187,-8.079880890657217e-09,0.27573672243161984
18.972173569989483,-6.758604945311133e-08,-3.345787691344526e-08,4.574309069413451,9.717392716164934e-10,0.2707332656447873
19.200889023460157,-7.523838294353591e-08,-3.323562491885923e-08,4.5878457326956905,-1.0148051437230957e-09,0.2657972081776063
19.43028131009494,-8.286237894140905e-08,-3.3468413374038164e-08,4.601135593104571,-6.288337998477527e-09,0.2609285882160447
19.66033808975017,-9.056201434241025e-08,-3.4915088154008345e-08,4.614182022515373,3.5078409995142403e-09,0.25612757246498713
19.891047190875938,-9.861724294614849e-08,-3.4105797297456775e-08,4.626988401138623,-8.095341148002165e-11,0.25139331704228907
20.122396610932867,-1.0650759937149436e-07,-3.412452587170378e-08,4.6395580669907375,8.625821251261056e-09,0.24672611927364863
20.354374514282405,-1.1442373533600923e-07,-3.212352606141167e-08,4.65189437295442,9.61633898054155e-09,0.2421252367478987
20.586969232930127,-1.21895497842236e-07,-2.9886816577118225e-08,4.664000634791814,1.1751929171215371e-08,0.2375905740799242
20.82016926466972,-1.2886510441661532e-07,-2.7146266123878604e-08,4.675880163495811,1.650917301595435e-08,0.23312182283949462
21.05396327284451,-1.3521173878069643e-07,-2.3286520267618016e-08,4.687536254637785,2.1306957907022494e-08,0.22871966678008113
21.288340085576397,-1.4066955918063728e-07,-1.8292663384045227e-08,4.698972237976789,2.8270672871333042e-08,0.22438148153653392
21.523288697475238,-1.4496739505065144e-07,-1.1650508113802971e-08,4.710191312053616,4.068520005848397e-08,0.2201078857204779
21.758798263077917,-1.4771120115558368e-07,-2.0687545010389385e-09,4.72119670633964,3.937553039740486e-08,0.21589879315598945
21.9948580983949,-1.481995510024102e-07,7.2262267281075765e-09,4.731991645997439,4.7847595953268553e-08,0.21175382174490778
22.23145768069477,-1.4648982877693578e-07,1.8546947977426953e-08,4.742579337084685,3.773081685754723e-08,0.20767168842143996
22.468586647549003,-1.4209181016474928e-07,2.7494017729168263e-08,4.752962921505756,2.5925666836509208e-08,0.20365251137468193
22.70623479362429,-1.3555790782325134e-07,3.365520440112846e-08,4.76314554707449,2.6316434158777218e-08,0.19969617843915827
22.944392070978015,-1.275426759742955e-07,3.9922654515578415e-08,4.773130355996448,1.7857941674596327e-08,0.19580163845227708
23.183048588777837,-1.180148742662822e-07,4.418456889254685e-08,4.782920437919063,1.8711609590378934e-08,0.1919686296768103
23.422194610673788,-1.0744831038644196e-07,4.8659376084003725e-08,4.792518869402903,1.0127347672747134e-08,0.18819635403482746
23.661820554143933,-9.578826148364396e-08,5.1086151309220895e-08,4.8019286871046445,1.6119428722750127e-08,0.18448462284315498
23.901916988499163,-8.352265870936815e-08,5.495636878904975e-08,4.811152918246802,4.65638804964674e-09,0.1808321806545114
24.142474634411503,-7.030248400558396e-08,5.607649855576824e-08,4.8201945272795275,9.144632922624581e-09,0.17723941971426002
24.38348436077548,-5.678750243320834e-08,5.8280444026337364e-08,4.82905649826524,1.448863840885495e-08,0.17370578674618609
24.62493718568874,-4.2715524585849945e-08,6.177876654689385e-08,4.83774178760255,3.1603702831327273e-09,0.17022922822797382
24.86682427506887,-2.777203856032741e-08,6.25432194922837e-08,4.846253249013948,-6.8253877117236815e-09,0.16681037760545878
25.109136937519565,-1.26170245269138e-08,6.088934156878167e-08,4.854593767894221,-1.1715290767446313e-08,0.1634483652769707
25.351866625914276,2.162626378635691e-09,5.804569269685089e-08,4.862766186158069,-9.936110420188166e-09,0.16014248251515786
25.59500493522218,1.6275757963554126e-08,5.562984339846366e-08,4.870773310283827,-1.2158939669716966e-08,0.1568923464341024
25.83854360073637,2.982377578757941e-08,5.266867164621658e-08,4.878617927605532,-1.1225577302072534e-08,0.15369720607314757
26.082474497116646,4.267129207339947e-08,4.993040647605085e-08,4.886302787909189,-1.2489788242626306e-08,0.15055654586186243
26.326789636512107,5.487004629166778e-08,4.6878962045582284e-08,4.893830615202282,-1.1866470490689834e-08,0.14746967163255253
26.57148116727222,6.634093127504659e-08,4.397533714950441e-08,4.90120409878391,-1.2543283023190916e-08,0.1444360132512045
26.816541372211418,7.711753640917435e-08,4.0901477760257876e-08,4.9084258994464705,-1.2073482868016888e-08,0.14145490388109444
27.061962667183742,8.715563004737853e-08,3.793838798671345e-08,4.915498644640525,-1.2333511091714207e-08,0.13852574178922736
27.30773759941577,9.647993478380535e-08,3.4907120305405215e-08,4.922424931729987,-1.1948714433912938e-08,0.13564787573672457
27.553858846002267,1.0507131874811659e-07,3.1966287838969265e-08,4.929207325516823,-1.1910920339743435e-08,0.1328206849630659
27.800319212278108,1.1294974175738792e-07,2.903071782967004e-08,4.935848359764976,-1.155684859148744e-08,0.1300435271057614
28.047111630266357,1.2011430280650676e-07,2.6178575307511665e-08,4.942350536120264,-1.1332618177550393e-08,0.12731577149143194
28.29422915707237,1.26583487591804e-07,2.337808657770779e-08,4.948716324694836,-1.0969318913614936e-08,0.12463678013422688
28.54166497330711,1.323680635261656e-07,2.0663884381377784e-08,4.954948163701547,-1.0625554133227417e-08,0.12200591882558166
28.789412381492188,1.3748748732468804e-07,1.8031431014975396e-08,4.961048459642827,-1.0232563784342298e-08,0.11942255220862363
29.03746480447433,1.4196022747778803e-07,1.549321870797371e-08,4.967019587253258,-9.82415036562955e-09,0.11688604635314864
29.28581578383699,1.4580798351739324e-07,1.305338148682722e-08,4.972863889570916,-9.397548240573862e-09,0.11439576834668835
29.534458978315538,1.4905361798902507e-07,1.0716745268979366e-08,4.97858367798825,-8.951621730480366e-09,0.11195108678455762
29.78338816221495,1.5172132864289e-07,8.488425518038412e-09,4.984181232327478,-8.499741673872028e-09,0.10955137205397562
30.032597223831324,1.5383672120084083e-07,6.370212801698472e-09,4.989658800930177,-8.035292911312836e-09,0.10719599665476255
30.282080163877833,1.5542598061933047e-07,4.365544370443786e-09,4.995018600762915,-7.565634074217833e-09,0.10488433539046861
30.53183109391598,1.5651627938597158e-07,2.476020277697444e-09,5.000262817532438,-7.093941695338848e-09,0.10261576570930353
30.7818442347926,1.5713531699247292e-07,7.024416603940153e-10,5.005393605817903,-6.62028144406609e-09,0.10038966793736652
31.032113915083496,1.5731111684224273e-07,-9.544138812600522e-10,5.010413089214771,-6.148643878790797e-09,0.09820542547723791
31.282634569544236,1.5707201645208305e-07,-2.4947763854754612e-09,5.015323360488633,-5.6847914887294704e-09,0.09606242508546775
31.533400737568666,1.5644641093781953e-07,-3.920329838535963e-09,5.020126481742906,-5.222712801036588e-09,0.09396005714037231
31.784407061655813,1.5546238335583947e-07,-5.231263866534164e-09,5.024824484599925,-4.772841739361589e-09,0.09189771565403428
32.035648285885806,1.541480742177413e-07,-6.430398435952611e-09,5.029419370382627,-4.332628714295183e-09,0.08987479873339654
32.287119254404935,1.525310156950884e-07,-7.519928679755594e-09,5.033913110319297,-3.909327020887235e-09,0.08789070856357552
32.5388149099209,1.5063828231660402e-07,-8.5038891484146e-09,5.038307645747476,-3.4999864706234665e-09,0.08594485171886661
32.79073029220827,1.484960218308517e-07,-9.385589638810643e-09,5.042604888333419,-3.110876261711597e-09,0.084036639184315
33.04286053662494,1.461296308212238e-07,-1.0169935560355725e-08,5.0468067202926346,-2.734346537933709e-09,0.08216548659063352
33.295200872639576,1.435633458646765e-07,-1.0859921406591866e-08,5.0509149946221665,-2.384076443758504e-09,0.08033081425244541
33.54774662237068,1.4082071887102783e-07,-1.1462009563700803e-08,5.054931535334789,-2.0462467363297885e-09,0.0785320473918923
33.80049319913742,1.379237351909348e-07,-1.1979191416600088e-08,5.058858137704384,-1.7302736721848823e-09,0.07676861614779433
34.05343610602264,1.3489368369188553e-07,-1.2416851991048361e-08,5.0626965685117735,-1.431533137118797e-09,0.07503995575178171
34.306570934448224,1.3175054599354558e-07,-1.2779223013126284e-08,5.066448566299362,-1.1487340228232342e-09,0.07334550658941164
34.55989336276319,1.285132821878819e-07,-1.3070223126021574e-08,5.070115841628833,-8.905046890507711e-10,0.07168471437816422
34.81339915484463,1.2519990492163864e-07,-1.3295971434956755e-08,5.073700077347741,-6.449386618578051e-10,0.07005703006598038
35.06708415871202,1.2182691635674096e-07,-1.3459582781649715e-08,5.07720292885104,-4.174748409248977e-10,0.06846191013520468
35.320944305154576,1.1841006470073571e-07,-1.3565562895223593e-08,5.080626024357801,-2.06663662182498e-10,0.06689881652444987
35.57497560637247,1.1496398710670893e-07,-1.3618061789344438e-08,5.083970965184023,-1.0739353569095468e-11,0.06536721673660259
35.82917415463167,1.1150229556975348e-07,-1.3620791605717386e-08,5.087239326020853,1.6527564822023437e-10,0.06386658398275352
36.08353612093271,1.0803768423434647e-07,-1.357875190066693e-08,5.090432655219991,3.344172513688973e-10,0.06239639691849627
36.33805775369371,1.045815981297322e-07,-1.3493635542261018e-08,5.093552475065916,4.779141111652493e-10,0.06095614039737724
36.592735377447006,1.0114507109403614e-07,-1.3371921347982152e-08,5.096600282085785,6.239914698229862e-10,0.059545304289965725
36.84756539155129,9.77375041883284e-08,-1.3212909433235609e-08,5.099577547300283,7.340868064778638e-10,0.0581633854516475
37.102544268916304,9.436849137431639e-08,-1.3025732936711165e-08,5.102485716572866,8.661856018973795e-10,0.05680988475121749
37.35766855474495,9.104531056144331e-08,-1.2804747928640836e-08,5.105326210810427,9.316381520718307e-10,0.05548431192339262
37.61293486528547,8.777668980029779e-08,-1.256693193951719e-08,5.108100426406597,1.0707051240797843e-09,0.05418617759706137
37.868339886605796,8.456703228035426e-08,-1.2293468465429669e-08,5.110809735286449,1.066969313655634e-09,0.052915006642979254
38.12388037337012,8.142555336467652e-08,-1.2020814565971705e-08,5.113455485618598,1.2617104264541669e-09,0.051670316138154336
38.37955314765105,7.835215835547792e-08,-1.1698229496204249e-08,5.116039001425506,1.1109890744123449e-09,0.050451652286753246
38.635355097722325,7.535972843796756e-08,-1.141403638271754e-08,5.118561584039844,1.4930054298582884e-09,0.04925852873107577
38.89128317692432,7.243855603059701e-08,-1.103193447704598e-08,5.121024510476397,8.958715022615012e-09,0.04809090485690427
39.14733440244814,6.96138156878509e-08,-8.738044510181453e-09,5.123429055719242,3.733660576803526e-09,0.04694763046670306
39.4035058552341,6.737537813116931e-08,-7.78158737446688e-09,5.125776437242577,2.5110498986569864e-08,0.04582793771109122
39.65979467709623,6.538104427074997e-08,-1.3460472736426254e-09,5.128067834128132,1.1808504106850694e-07,0.044732649404633514
39.916198068802636,6.503591318439084e-08,2.8931357753947395e-08,5.130304466598363,8.267821943390907e-08,0.043660649831249475
40.172713292132556,7.245724687988242e-08,5.0139579599317585e-08,5.132487499089926,5.0117467602225825e-08,0.042611555671253895
40.429337667087054,8.532428515503851e-08,6.300094357314379e-08,5.134618076873489,2.246535825480098e-08,0.041584912728792604
40.68606857093073,1.0149857434157603e-07,6.876849534265261e-08,5.136697322509928,-8.636366601128565e-10,0.04058032787807926
40.94290343705622,1.1916072163655803e-07,6.854668344047354e-08,5.138726338903832,-1.632726211139686e-08,0.039597402130126344
41.19983975400142,1.3677285401856125e-07,6.435161692408542e-08,5.140706209010339,-2.8091614237974764e-08,0.038635733892310266
41.456875064451935,1.5331349185263628e-07,5.713108031102365e-08,5.142637995704954,-8.000869290634009e-09,0.0376947594910518
41.714006964237186,1.6800371506979334e-07,5.507380151925645e-08,5.144522733679507,-2.158045569725102e-08,0.0367744140757509
41.97123310092116,1.8217013626709174e-07,4.952274412772795e-08,5.146361454383294,-3.185788379170122e-08,0.03587414887493474
42.22855117364033,1.94913233341803e-07,4.132513486965195e-08,5.148155161827041,-1.2593820916994569e-08,0.0349940526713484
42.48595893173168,2.0555064366142287e-07,3.8083387554621595e-08,5.149904864460608,-2.4020860764764908e-08,0.03413278126191888
42.743454174954714,2.1535693480255709e-07,3.189813035930911e-08,5.1516115035237044,-2.2304268636843652e-09,0.03329093018051375
43.0010347501309,2.2357327356755286e-07,3.132361570123976e-08,5.15327605003273,-0.0010497270898339934,0.02870059421636989
43.25869855263254,2.3164423549723427e-07,-0.0002704453002655427,5.1547110797435485,-0.0026692124203567744,0.02548013606431717
43.51643409719424,-6.947172420197923e-05,-0.0009583954252292415,5.155985086546765,-0.0055616831735622934,0.023351689018535415
43.77423323312447,-0.00031654531235306014,-0.002392185808408165,5.157152670997691,-0.009662216369232335,0.021414302490441017
44.032090128872724,-0.000933388095601167,-0.004883623289690053,5.158223386122213,-0.016035601440886837,0.019255169628887705
44.28999822262308,-0.0021929240820731375,-0.009019206764842469,5.159186144603657,-0.02496997720605608,0.016910755412273184
44.547947037933795,-0.004519480867881785,-0.015459775455608504,5.160031682374271,-0.03647388246142619,0.014412760167923741
44.80591779087651,-0.008507968543263252,-0.024868008554569165,5.1607523203826675,-0.04916494556997378,0.012381081385359694
45.0638756234736,-0.014924188820587079,-0.037549303606172924,5.161371374451935,-0.06314762333460311,0.010687153923634797
45.32176228165623,-0.024612206880382966,-0.053834891878347335,5.161905732148117,-0.07571294677287788,0.010173928490161532
45.57948365327339,-0.03850002818989368,-0.07335738214298715,5.1624144285726254,-0.08781289993822342,0.010406961982246865
45.836910172864286,-0.057418110602095146,-0.0959945920463543,5.1629347766717375,-0.09861297160171704,0.010644499282784308
46.093868418622435,-0.0821607601633131,-0.12140997023939581,5.163467001635877,-0.10859539244117843,0.011022338132320958
46.35014131811709,-0.11342862988701538,-0.1493913335679431,5.164018118542493,-0.10174781385854875,0.010701182230411253
46.60546634433338,-0.15185829042724092,-0.17561740515254343,5.164553177654013,-0.10887701576234834,0.011094871187664855
46.8597221664015,-0.1969748146340621,-0.20367694801367353,5.165107921213396,-0.10107176720202765,0.011599186750265748
47.11263928331418,-0.24921255546413573,-0.22973485857700426,5.16568788055091,-0.10243526852175873,0.01111923906735965
47.36413772162542,-0.30802891139668276,-0.2561460445352348,5.166243842504278,-0.09998867804052862,0.009696859135362515
47.614022110596025,-0.3734733974082612,-0.28193132324562287,5.166728685461046,-0.05931417159930815,0.009912516100251458
47.862159400274074,-0.4453454973090334,-0.2972453515897753,5.167224311266058,-0.015725198683539325,0.010241101016789359
48.10919068020811,-0.5210162607616443,-0.3013079655966644,5.167736366316897,0.021397502486109603,0.01056053735856808
48.355936950608694,-0.5976975878418778,-0.2957795548985831,5.168264393184826,0.033269426847733694,0.01078113757445785
48.603128628905665,-0.6730213309470996,-0.28718388108918136,5.168803450063549,0.06943566153145384,0.010972856110498393
48.85098447465766,-0.7462251729913387,-0.2692533329786979,5.169352092869073,0.10772628894341049,0.011173915701359526
49.10013943651889,-0.8149805919054509,-0.2414634001260767,5.169910788654141,0.11177402342828076,0.011606445289498349
49.35113578275476,-0.8767930346888252,-0.21263043837829132,5.170491110918616,0.11175588517999255,0.012243789683742476
49.60383815612177,-0.9313499436454628,-0.1837989000575968,5.171103300402803,0.11172651581144573,0.013051358147765363
49.85803834198051,-0.9786049843075326,-0.1549714943081768,5.171755868310191,0.11170155625913092,0.013989973171465244
50.113527201458986,-1.0185185106600214,-0.12614686468426584,5.172455366968764,0.11167088900218097,0.015017080790459023
50.370094960969645,-1.0510565051877994,-0.09732621826092114,5.173206221008287,0.11162106702152284,0.01609400169279949
50.62753117271135,-1.076191210214433,-0.06851419485427401,5.174010921092926,0.11158907757373855,0.01718294628110488
50.88562476086178,-1.0939020059223343,-0.03970591389500244,5.174870068406982,0.11156279682391616,0.01825405824079968
51.14416432880038,-1.1041729538999543,-0.010899606995180111,5.175782771319022,0.11152410805395786,0.01928264670133721
51.40293809525831,-1.1069935979547445,0.0179018305224683,5.176746903654089,0.1114841575892156,0.020248877929322687
51.661733966030184,-1.1023601831603331,0.04669835664732069,5.1777593475505554,0.11144043617597463,0.021136793048590688
51.92033970148107,-1.090274934103136,0.07548926595363481,5.178816187202985,0.11139597600686843,0.021933512529502507
52.178543057308964,-1.0707462426133318,0.10427461064488064,5.17991286282946,0.1089819904109275,0.022634220712635045
52.43613192083451,-1.0437884876274242,0.1324446310729952,5.181044573865092,0.10170805319442132,0.023240915507856334
52.69291537619199,-1.0095786316555275,0.1587469266686008,5.1822066196404855,0.09085705150080653,0.02375523841189093
52.94876769161188,-0.9686182078796995,0.18225655083711256,5.18339438156108,0.07753816243472623,0.02417534395584743
53.20364483418729,-0.9216439012898893,0.20233196437245704,5.184603148758873,0.06270454319124691,0.024500243042783358
53.45758685807763,-0.869550494530719,0.21857622306646762,5.185828160911012,0.04715399871222131,0.02472752509910793
53.71070898983186,-0.8133257606279136,0.23079831930798322,5.187064537165968,0.031542583895936664,0.02485536668370906
53.96318522880534,-0.7539974787075655,0.2389776337535685,5.188307305500153,0.016396903130515852,0.02488314096300075
54.2152281355567,-0.6925914130699551,0.24323105176802162,5.1895514625483035,0.0021242660848277573,0.024811937213451433
54.46706795426456,-0.63009888016172,0.243782250761841,5.1907920594089765,-0.010973570324814231,0.024644134414478394
54.718933484639166,-0.5674525704605369,0.24093423183675533,5.1920242661297005,-0.0226863065141025,0.024384542444753257
54.9710362419327,-0.5055091308143991,0.23504534430807222,5.193243493251938,-0.032882788537491756,0.024039222372757976
55.223558688893824,-0.44503716432351875,0.22650846657758983,5.194445454370576,-0.041497201239175184,0.02361607005998066
55.476646732661685,-0.3867096318209697,0.2157338121392951,5.195626257873575,-0.04851784973891708,0.023123719619768227
55.73040620411979,-0.3310997300581809,0.20313472579638647,5.196782443854564,-0.053977462609591534,0.022572622842759085
55.98490277143801,-0.2786796323366838,0.18911607898491756,5.197911074996702,-0.057942602047086345,0.021972084417272563
56.240164592213766,-0.22982165741776822,0.17406547931629568,5.199009679217565,-0.06050671444140589,0.02133353343904813
56.49618691672151,-0.184801401252959,0.15834632518030078,5.200076355889517,-0.06178236716529586,0.020665459344387464
56.752937929168795,-0.14380258572129273,0.14229289121728295,5.201109628856736,-0.06189494611866563,0.019977323629457047
57.01036514333747,-0.10692328483553357,0.12620704656773674,5.2021084950382095,-0.060980772711546616,0.01927581140740271
57.26840180821662,-0.07418322430697694,0.11035544548215892,5.20307228560858,-0.059177955501801126,0.018570995628364506
57.526972911955234,-0.045532092836002916,0.09496907073525973,5.204000835389999,-0.05662521769793154,0.01786665919607977
57.78600044709855,-0.020858265114561066,0.0802430592879455,5.204894168349803,-0.053459672009298784,0.01716954115987199
58.045407753847165,2.1630865588775916e-06,0.06633708847331254,5.205752645407797,-0.049814355149813534,0.01648296247813591
58.30512288402171,0.017256225545670575,0.053376389734657526,5.2065767935317036,-0.04581445254418571,0.01581115705857997
58.5650809682295,0.031145041995430122,0.0414537383544582,5.207367351384632,-0.04157660985862298,0.015156024541456257
58.82522565771365,0.041935193239099805,0.030631622823023008,5.208125152611705,-0.037206669145385896,0.014518156361329141
59.08550975578031,0.049910612149353,0.02094500863480553,5.2088510604297715,-0.0327999445327763,0.013898454465630393
59.34589518367739,0.055365184836685385,0.012404038981585153,5.209545983153053,-0.028440140758996882,0.013297196467255573
59.60635244454951,0.058596072556938356,0.004997026539891536,5.210210842976416,-0.024200078283754534,0.01271483848772751
59.86685973419526,0.05989784523235831,-0.001306733638811508,5.2108465849008025,-0.020142640857407357,0.012151815804593565
60.12740184099544,0.05955738590329158,-0.006554389336440369,5.211454175691032,-0.01631665291929224,0.011607429464812104
60.387968952695694,0.05784950314797412,-0.010805875132306575,5.212034547164273,-0.01275357277233279,0.011080235359788948
60.648555465369164,0.05503352822575233,-0.014129388128152787,5.2125885589322625,-0.009490508388536526,0.010570341866360484
60.90915887777006,0.05135111640940584,-0.01660285676920603,5.21311707602558,-0.006545722039764126,0.010077081226928944
61.169778806871065,0.047023683422065976,-0.018309025352280184,5.213620930086926,-0.003928870343687808,0.009600802903777262
61.4304161617924,0.042251134185838916,-0.019333204750171973,5.214100970232115,-0.0016399882233691884,0.009140189089320237
61.69107248959283,0.03721118408330071,-0.01976075776784869,5.214557979686581,0.0003252128934355734,0.008694743244191491
61.951749484734705,0.03205933853201571,-0.019675965694915476,5.214992716848791,0.001974995041842764,0.008263701743073861
62.212448648425756,0.026929168675929857,-0.0191609867917526,5.215405901935944,0.0033245895019185477,0.007846888946638254
62.47317107493882,0.021932858236073945,-0.018294034203319764,5.215798246383276,0.004392307580274275,0.00744396339483426
62.733917348975034,0.017162224769941996,-0.017148568377713946,5.2161704445530175,0.005199568893687848,0.00705445073087819
62.99468752371835,0.012689951196665102,-0.01579248260876298,5.216523167089561,0.005769436595950948,0.006677819314161259
63.25548115739993,0.008571029843475315,-0.01428767097389727,5.216857058055269,0.006126211604189457,0.0063140593352838115
63.5162973868462,0.004844319781899597,-0.012689702457036045,5.2171727610220335,0.006294952417009394,0.005962680581029259
63.777135022335216,0.0015341901209148592,-0.011047620587961049,5.217470895051085,0.006300989417241945,0.005623390142884194
64.03799264745197,-0.001347783198010585,-0.00940387002011267,5.21775206455823,0.006168908310987503,0.005295737018487801
64.29886871525801,-0.0038011001493153613,-0.00779448852398934,5.218016851409154,0.005922430232572314,0.004979693266131
64.559761632477,-0.005834668181234553,-0.006249330519065843,5.218265836072461,0.005584146993318498,0.004674938337017826
64.82066982942615,-0.007465190965375853,-0.004792359917197064,5.2184995829893115,0.0051751259171955565,0.0043811078917068685
65.08159181228672,-0.008715632590411967,-0.003442046322509551,5.218718638383897,0.004714849135481819,0.004097980347140059
65.34252619846436,-0.009613784381779648,-0.002211777327602249,5.2189235374012535,0.004223006016561575,0.0038267573713936737
65.60347173706569,-0.010190938748935825,-0.0011098033280818598,5.219114875269823,0.0037095303157018422,0.0035635942133563194
65.86442732012438,-0.010480548242396378,-0.00014178230563244298,5.219293054980491,0.003192287685454117,0.003310819409307664
66.12539197025042,-0.010517548412427741,0.0006912905267428826,5.2194585959509565,0.00268296650608276,0.003067533055350705
66.38636483769076,-0.010337140312691343,0.001391471316363635,5.219611972603724,0.0021906817128095153,0.002833453591764359
66.64734518366666,-0.009973993412757102,0.001963196283887747,5.219753645283313,0.0017233185644218727,0.0026083043724376485
66.9083323629895,-0.009461623693919839,0.0024129609791985196,5.2198840605019345,0.0012874555478321064,0.0023917901867870186
67.16932580621116,-0.00883185547734873,0.002748979321007816,5.220003650011274,0.0008874275480986259,0.0021836051214614315
67.43032500253787,-0.008114372276532826,0.0029805980426167444,5.220112830267348,0.0005264482367977479,0.0019835654275950237
67.69132948466964,-0.00733642052421,0.0031180039960387873,5.220212008538727,0.000206687271686921,0.0017913893584155637
67.95233881633175,-0.006522589747742031,0.003171951564538311,5.220301578006648,-7.141454520901851e-05,0.0016068363161198048
68.21335258216071,-0.005694663948189424,0.003153311291401728,5.220381919822454,-0.0003080598906388656,0.00142967028616238
68.47437038044791,-0.004871590849551075,0.0030729017785078305,5.220453403336762,-0.0005043558523124825,0.0012596582927245005
68.73539181823303,-0.00406949508449426,0.0029412534728043838,5.220516386251399,-0.0006618983904634241,0.0010965854440706327
68.99641650848288,-0.0033017530939030808,0.002768480915747329,5.220571215523602,-0.000782914049191589,0.0009401026519604454
69.25744406893475,-0.0025791014280557257,0.002564118009153127,5.2206182206562,-0.0008700891021316054,0.0007894483237883932
69.51847412186791,-0.0019097881015539306,0.0023369978868008623,5.22065769307239,-0.0009269746273619481,0.0006458819551138131
69.77950629369859,-0.0012997553570215591,0.0020950270604735977,5.220689987170146,-0.0009565840640794886,0.0005084974416864545
70.04054022019903,-0.0007528814171994133,0.0018453256562938058,5.22071541204223,-0.0009621743044622426,0.00037703090157612315
70.30157554635828,-0.00027118568587755496,0.001594163784028435,5.220734263587309,-0.0009471165530276608,0.00025128727534177704
70.56261192784382,0.0001449494123167,0.0013469316289906885,5.220746827951076,-0.0009147200492709139,0.00013108635729290732
70.8236490324512,0.000496548757479307,0.0011081555725036552,5.22075338226894,-0.0008681735917691047,1.625012684889852e-05
71.08468654128639,0.0007858190459363215,0.0008815295901913878,5.2207541947752825,-0.0008104971819617228,-9.339629348226594e-05
71.34572414959969,0.0010159314814236484,0.0006699592852261738,5.220749524960608,-0.0007445036211318632,-0.00019802399182609377
71.60676156726498,0.0011908159493453398,0.0004756159568621854,5.220739623761017,-0.0006727696614352547,-0.0002977995008717319
71.86779851892838,0.0013149692982487114,0.0002999982086540065,5.220724733785974,-0.0005976164085562967,-0.00039288457094966
72.1288347438712,0.0013932797004746421,0.0001439986796665238,5.220705089557426,-0.0005210981366348599,-0.00048343692140512186
72.3898699956427,0.0014308684323359664,7.97370111804696e-06,5.220680917711356,-0.00044499843839350634,-0.0005696100941076473
72.65090404151996,0.0014329498397994704,-0.00010818603783491199,5.22065243720665,-0.00037083262556049135,-0.0006515531984880986
72.9119366618527,0.0014047097547498302,-0.00020498544813785102,5.2206198595467255,-0.0002998552467152795,-0.0007294103890335699
73.1729676493459,0.0013512022000512253,-0.00028325695976461063,5.220583389027274,-0.00023307171943466706,-0.0008033207126974466
73.4339968083255,0.0012772638720912849,-0.0003440954765605575,5.220543222991639,-0.00017125339243349494,-0.0008734181058010213
73.69502395402206,0.0011874456084527093,-0.00038879726320617536,5.220499552086348,-0.00011495541361121659,-0.0009398317276007309
73.95604891189768,0.0010859598140885189,-0.0004188034974035304,5.220452560499968,-6.453712304528239e-05,-0.001002688827565039
74.21707151703147,0.0009766426277658285,-0.00043564914685445544,5.22040242605859,-2.018471199311977e-05,-0.001062121584456987
74.47809161356487,0.0008629294382053019,-0.00044091776282684236,5.220349319979367,1.8072937242439785e-05,-0.001118476616590336
74.73910905419184,0.0007478422047672943,-0.00043620041054470704,5.220293396148538,5.034648946002824e-05,-0.0011714115731576483
75.00012369916753,0.0006339875022496412,-0.00042305923822771874,5.22023482556988,7.679780852208796e-05,-0.0012213214745917659
75.2611354170882,0.0005235640771097858,-0.0004030141085187289,5.22017375949615,9.776391448061755e-05,-0.001268201672906102
75.52214408386644,0.00041837389625748044,-0.0003774968775096532,5.220110349412505,0.00011370603845465653,-0.0013120703461451432
75.78314958273991,0.0003198451307396503,-0.0003478189741672466,5.220044745895198,0.00012485921363059139,-0.001353545164308663
76.0441518042469,0.00022906360213885923,-0.0003152304401474737,5.219977068636982,0.00013177579681457983,-0.0013923734336045573
76.30515064471099,0.00014678882005616215,-0.0002808371083684591,5.219907449965302,0.0001348966360155942,-0.0014283159995618574
76.56614600691697,7.349163530968568e-05,-0.0002456297107094052,5.219836034165325,0.00013478514242825696,-0.0014618034673254388
76.8271378007519,9.384295203199359e-06,-0.00021045189365009875,5.219762943991959,0.00013187679192269093,-0.0014929181639257215
77.08812594217191,-4.554115418974539e-05,-0.00017603361416718144,5.219688298083763,0.0001266527292135846,-0.0015217638591795406
77.34911035303243,-9.148318374936284e-05,-0.0001429792258256235,5.219612209890804,0.00011947510884214055,-0.0015483994822368871
77.61009096085935,-0.00012879798926623267,-0.00011179853905529669,5.219534789916692,0.00011093678265532038,-0.0015729251102838404
77.87106769872422,-0.00015797480740850197,-8.284661928703585e-05,5.219456143661178,0.00010133283892242923,-0.0015954362833954009
78.13204050501167,-0.00017959552218473334,-5.640150389885079e-05,5.219376371847009,9.098891969302951e-05,-0.0016159976922749835
78.39300932318893,-0.00019431455601624442,-3.265623305415133e-05,5.219295571962395,8.02929063738649e-05,-0.0016346802469097794
78.6539741016479,-0.0002028366826435549,-1.1702612541686364e-05,5.219213837950049,6.943319788210953e-05,-0.001651544287433758
78.91493479352754,-0.00020589060450937205,6.416722803770369e-06,5.2191312607356775,5.880138460059836e-05,-0.0016666792156853937
79.17589135655895,-0.00020421611858055188,2.1761330021963232e-05,5.219047926774893,4.8421317736346446e-05,-0.0016801528933294277
79.43684375283591,-0.0001985374473642505,3.439698891405385e-05,5.218963919130227,-3.3051717773787014e-05,-0.0016921927917316075
79.69779194863806,-0.00018956161516256199,2.577220278920933e-05,5.21887930949064,-0.00017238270181090762,-0.001702901961016353
79.95873591402592,-0.00018283651436847638,-1.9210022777826907e-05,5.218794164392588,-0.0003453785752732169,-0.001712439389191217
80.2196756221974,-0.00018784917210670668,-0.00010933300564319737,5.218708542423129,-0.0005203553991018364,-0.0017210679529041499
80.48061104775898,-0.00021637802657581661,-0.0002451121578350701,5.218622489025484,-0.0006599505163879404,-0.0017293248439199332
80.7415421643719,-0.0002803354168959733,-0.0004173137756584566,5.2185360227832875,-0.0007222203064608686,-0.0017375601767339642
81.00246894279076,-0.0003892237622893427,-0.0006057603935585298,5.218449144774451,-0.000663794840828041,-0.001746250262525286
81.2633913521573,-0.0005472802430081731,-0.0007789593618103829,5.2183618322613246,-0.0004822316334789843,-0.0017555914199182227
81.52430936461073,-0.0007505248125818238,-0.0009047823144565648,5.218274052690329,-8.050699054179745e-05,-0.0017663055075097182
81.78522296044923,-0.0009865948841158625,-0.0009257876914241514,5.218185737414953,0.0005776156597795156,-0.0017786214718816297
82.04613213550955,-0.001228141455974813,-0.0007750824099259646,5.218096806341359,0.0015235185070706055,-0.0017929790901226148
82.30703689745698,-0.00143036418812147,-0.000377589210889262,5.218007157386853,0.0027831690702264057,-0.0018106525786022495
82.56793723672757,-0.001528877346029185,0.00034853965810688337,5.2179166247579225,0.004375455291310078,-0.0018303884265971203
82.82883305211867,-0.0014379448040490969,0.0014900740609977703,5.217825105336592,0.0063139516034442,-0.0018528200232651585
83.08972401775442,-0.0010491976556921074,0.00313731787563043,5.217732464335429,0.008602368665371507,-0.0018784939147612188
83.35060935704958,-0.00023071473185177973,0.005381533109232173,5.21763853963969,0.011235849387906139,-0.0019074843947003812
83.61148750635316,0.0011732232192283886,0.008312701474031403,5.217543165419955,0.014396475423287092,-0.0020633249446141604
83.87235565123905,0.0033417921820780784,0.012068283339059516,5.217439999172725,0.018104016561208653,-0.002144118623344162
84.13320865427754,0.006489992972363421,0.016790856361987405,5.217332793241558,0.022240625325963666,-0.002227421101824317
84.39403852136502,0.010869961432290126,0.022592215257890125,5.217221422186467,0.026729675546904922,-0.002319049123474756
84.6548330224923,0.01676288957354494,0.02956411677338533,5.217105469730293,0.031503077563938,-0.0024122909874250372
84.91557430570141,0.024473721966500467,0.037780501479477646,5.216984855180922,0.036539246797388625,-0.002523654714578931
85.17623740689484,0.034326392883042046,0.04730961559422875,5.216858672445193,0.04169467884472022,-0.0026408658688901136
85.43678848566748,0.04666216894619486,0.05818222705971765,5.216726629151749,0.04668388085153921,-0.002758711964042137
85.69718345379003,0.06182964680855879,0.07035465675354935,5.216588693553547,0.051516528102653066,-0.0028819246189213553
85.95736763082728,0.08016507736610122,0.08378574090486612,5.2164445973226,0.055931566144685044,-0.0029990571974988726
86.21727490353831,0.1019927017044646,0.09836633175663767,5.216294644462725,0.05981185543112121,-0.0031098792145168295
86.47682883964147,0.12760673688017,0.11395684519881222,5.216139150501999,0.06306611476445112,-0.0032131289286969193
86.73594418820697,0.15726319033096506,0.13039402562696045,5.215978494055564,0.0657324892240047,-0.0033114441374497796
86.99452912239616,0.19117352705152288,0.14752464569650892,5.215812921848692,0.06764656731049269,-0.003401012750810219
87.2524870502147,0.22950717499784085,0.16515278594461602,5.215642871211152,0.06881425794081375,-0.003481900828374341
87.50972079592236,0.27238055215943713,0.18308415577451154,5.215468776169733,0.0692736873561136,-0.0035543948760056003
87.76613589158475,0.3198577583161567,0.2011344486027311,5.215291056425933,0.06914528114389894,-0.0036203018469882675
88.02164357889684,0.3719535713198868,0.21915072273045988,5.215110041333584,0.06843568272509139,-0.0036782539493393222
88.2761624442476,0.4286420096350212,0.23698177747611915,5.214926128636117,0.06725609841215019,-0.0037282551223986127
88.5296211492678,0.48985737671974366,0.25450533878442094,5.214739715879997,0.06573637269023008,-0.003770324875868831
88.78195926310298,0.5555022704057261,0.27163290076302005,5.214551199636204,0.06403220620149533,-0.0038049187511418926
89.03312700350311,0.625456732138773,0.2883164554180704,5.214360953698646,0.062281226526578845,-0.003831332844529135
89.28308363496288,0.6995889301226915,0.3045437996100109,5.21416938705642,0.06066779180324315,-0.003849439494312975
89.53179530354585,0.7777644499672272,0.32035070615155936,5.213976915081704,0.05921478892100938,-0.0038588261714459795
89.77923110576279,0.8598583715374191,0.3357789133633915,5.213783973773132,0.058421804752126806,-0.00385944781930283
90.02536183994238,0.9457566835415003,0.3510001847424249,5.2135910013821665,0.058170487368698995,-0.0038510843122367107
90.27014757064704,1.0353880054530824,0.3661554907400393,5.213398447166554,0.058354775768423385,-0.0038338902876660225
90.51353786268491,1.1287152477996616,0.3813581939365931,5.213206752652171,0.058878714615446026,-0.0038077733773991163
90.75547236094503,1.2257281859386813,0.3966966736562636,5.213016363983301,0.059657519978236456,-0.0037727216182324506
90.99588164711072,1.3264367960631243,0.4122372330285189,5.212827727902389,0.060615581116050136,-0.0037309376848469267
91.23468825654876,1.4308654108709382,0.428026489039274,5.212641181018147,0.06168633069934285,-0.003679163913471898
91.47180783177055,1.5390475593602277,0.4440937300458976,5.212457222822473,0.06281943888323942,-0.0036235010982765
91.7071503811203,1.6510214858562946,0.46045514585992864,5.212276047767559,0.06396009787415327,-0.0035563313781507787
91.94062134553096,1.7668267654098777,0.4771126673856898,5.2120982311986515,0.06507525178340652,-0.0034885122102125345
92.17212308207309,1.8865007638687792,0.494059630575463,5.211923805588141,0.0661331352219825,-0.0034084274408096556
92.40155588369653,2.01007650553097,0.5112811139681335,5.211753384216101,0.0671110777588993,-0.0033233150480614644
92.62881917985891,2.1375807311947828,0.5287563086580436,5.2115872184636975,0.06799198931930538,-0.0032339688999759855
92.8538125543661,2.269032565594311,0.5464599700150399,5.2114255200186985,0.06876414734939361,-0.0031410743558397567
93.07643670641463,2.4044425977242487,0.5643638141004526,5.211268466300907,0.06942072642830832,-0.0030452083333656435
93.29659431304685,2.543812342689303,0.5824377909308827,5.211116205884238,0.06995956632750706,-0.0029472133657919637
93.51419077514815,2.6871340436248925,0.6006512967507756,5.210968845215948,0.07038163624130994,-0.0028477242002243057
93.7291348217137,2.834390784083712,0.6189739865549142,5.210826459005937,0.07069100509375102,-0.0027473987185790364
93.94133900157388,2.985556808753801,0.6373765786409087,5.210689089070009,0.07089410595520534,-0.002646991709348176
94.1507200407915,3.1405980367337567,0.6558314678242025,5.210556739484542,0.07099904489520951,-0.0025467200658130275
94.35719907432455,3.2994727123423058,0.674313158998415,5.210429403481251,0.07101508864252674,-0.00244727749608821
94.56070176616838,3.462132144389669,0.692798567723508,5.210307039606446,0.07095274972344041,-0.0023490965979544908
94.76115832695714,3.6285214945722126,0.7112673429820089,5.210189584776549,0.07082272928834812,-0.0022526052642951725
94.95850341965938,3.79858061123354,0.729701915414938,5.210076954513334,0.07063597687090589,-0.002158156031585937
95.15267599395372,3.9722448449484498,0.7480875612566642,5.2099690467117545,0.07040319488740358,-0.0020660453204132813
95.34361904691615,4.149445844366129,0.7664123376779077,5.209865744445734,0.07013428832202097,-0.0019767901469043775
95.53127933374925,4.330112303438051,0.7846668752716357,5.209766904938389,0.06983976920993022,-0.0018902020148129973
95.71560705803867,4.514170631333762,0.8028445355663543,5.209672394837648,0.06952877764828447,-0.001806362812665949
95.89655548156482,4.7015456141282534,0.8209410544979745,5.209582076697015,0.0692090306413814,-0.0017256215821677386
96.07408054945152,4.892160969769991,0.8389541725946015,5.209495795617907,0.0688880999426592,-0.0016479034798371059
96.24814054306205,5.0859397992011415,0.8568835971995341,5.209413400443915,0.06857223520549274,-0.0015733012335001752
96.41869570601713,5.282804997576017,0.8747306589739203,5.20933473538224,0.06826681850374493,-0.0015018439558739662
96.58570790642267,5.482679572944798,0.8924980864817726,5.209259643184446,0.06797637659565753,-0.0014334596951307904
96.74914032010439,5.685486898338731,0.9101897839676756,5.209187970199689,0.06770465738003477,-0.0013680418092298962
96.90895714000207,5.891150901873557,0.9278106290097998,5.2091195681092275,0.06745412937209029,-0.0013056240749227896
97.06512331279045,6.099596202045515,0.9453661400988347,5.209054286905482,0.06722693295709346,-0.0012460467222343886
97.21760433455843,6.31074817198757,0.9628623913763077,5.20899198456937,0.06702433306438697,-0.0011891045628301445
97.36636605955664,6.524532977139452,0.9803057851665864,5.2089325293412285,0.06684671538214099,-0.0011347587558280393
97.51137455454202,6.740877567134559,0.9977028235245555,5.208875791403437,0.06669404448179447,-0.0010828778737308647
97.65259600262614,6.959709626318522,1.015059998801311,5.20882164750975,0.06656583067760023,-0.0010333326157397577
97.7899966343213,7.180957504949453,1.0323836756118103,5.208769980878963,0.0664604594152437,-0.0009866873610147758
97.92354268919482,7.404550132314456,1.0496797985351964,5.208720646510913,0.06637809499558675,-0.0009413693791851072
98.05320044822022,7.630416890510478,1.0669543542749764,5.208673578041954,0.0663163460435763,-0.0008980054614777842
98.17893617205151,7.858487556881902,1.0842127077889856,5.20862867776888,0.06627343900656683,-0.000856432562292047
98.30071619252561,8.088692157988215,1.1014597627365168,5.208585856140766,0.0662475377840453,-0.0008165484150902962
98.41850697808144,8.320960854523314,1.118699945256349,5.208545028720011,0.06623666662887495,-0.0007782412567315133
98.53227521081548,8.55522383177555,1.1359371677034966,5.2085061166571744,0.0662389318591428,-0.0007414026974352879
98.64198787971806,8.791411194266459,1.153174850004219,5.2084690465223025,0.06625225730576864,-0.000705944389352597
98.74761237628336,9.029452871807976,1.170415872267415,5.208433749302835,0.06627474605477598,-0.0006717702598779994
98.84911660821857,9.269278529737722,1.1876626213951385,5.208400160789841,0.06630451915789398,-0.0006388176709424051
98.94646910856859,9.510817494012404,1.204916995783119,5.208368219906294,0.0664066831700308,-0.000607481585733302
99.03963914939906,9.753998686288805,1.2221978111959615,5.208337845827008,0.06656991482505856,-0.0005777750386317294
99.1285926001478,9.998752116071877,1.2395209401876572,5.208308957075076,0.06677259623036513,-0.0005494316838098048
99.21329255119238,10.245008331778033,1.2568966371984827,5.208281485490885,0.06698472971790403,-0.0005221491332387066
99.29370063426691,10.492697714385658,1.2743273616085142,5.208255378034223,0.06716918779536822,-0.0004952834758758973
99.36977893434789,10.74174972193397,1.2918059258600998,5.2082306138604295,0.06728475675071545,-0.00046831466643475444
99.44149242289681,10.992092169149833,1.309314434511128,5.208207198127107,0.06728852248642604,-0.0004405020595916419
99.50881171828821,11.243650647469615,1.3268238428630035,5.208185173024128,0.06713595882781924,-0.00041171385734775997
99.57171601350805,11.49634815761597,1.3442935378835426,5.20816458733126,0.06678448084420054,-0.0003816903488260827
99.63019615504395,11.7501049682985,1.3616718412085893,5.208145502813819,0.0661951311837861,-0.0003501114982300334
99.68425762717827,12.004838763027172,1.3788969490310015,5.208127997238908,0.06533300565642643,-0.00031679261777481816
99.73392331233505,12.260465077805144,1.3958979812616565,5.208112157608019,0.06416904916515993,-0.0002816330783863314
99.7792359804244,12.516897998324692,1.4125964961887076,5.2080980759541,0.06268072926257659,-0.0002445895059962986
99.82026037028507,12.774051091556043,1.4289081794734875,5.2080858464788,0.060875049989438275,-0.00020533708621544897
99.85708480229151,13.031838516905177,1.4447505148744817,5.208075579624489,0.05870941187225927,-0.0001643454731950278
99.88982076474552,13.290176444569529,1.4600298865797399,5.208067362350829,0.05618731765484137,-0.00012177471456036005
99.91860577296367,13.548983974268417,1.4746535559844443,5.208061273615101,0.053321323360090676,-7.784072414637199e-05
99.94360309329022,13.808184455654574,1.488532013310902,5.208057381578894,0.05013284211275222,-3.314770469916806e-05
99.96500080293735,14.067706694097454,1.5015812815039506,5.208055724193659,0.04665275758886675,1.2085816826962917e-05
99.98301020586234,14.32748597054585,1.51372538321362,5.2080563284845,0.04292090376187618,5.726506304245031e-05
99.99786357410926,14.587464824019339,1.524898676118453,5.208059191737652,0.038984755515577244,0.00010142476438726285
100.00981126233025,14.847593550052782,1.5350478505728038,5.2080642629758716,0.03489947113178686,0.00014337145189092186
100.01911829778156,15.107830389315259,1.5441339402951373,5.208071431548466,0.030726582724465896,0.00018179170987576117
100.02606045587446,15.368141408158664,1.552133993201446,5.20808052113396,0.02668392046004185,0.00021594360230637997
100.03091992058843,15.628500088423468,1.5590817689457275,5.208091318314075,0.022815919820789857,0.00024811274421812315
100.0339703751695,15.888886786771511,1.5650226231766728,5.208103723951286,0.01915911207822378,0.0002782220562134958
100.0354738691819,16.149287632592607,1.5700114501022853,5.208117635054097,0.015742918557034434,0.0003066158079360303
100.03567825566812,16.409693434136212,1.5741108293542538,5.208132965844494,0.012589082812146303,0.0003331522026086127
100.03481513874624,16.670098652025505,1.5773890236220645,5.2081496234546245,0.009713727842520257,0.0003590407530837482
100.03309836360762,16.930500474088735,1.5799185112429583,5.208167575492278,0.007124935082859697,0.00038359377941497646
100.0307229032903,17.190898018094632,1.5817738883387236,5.208186755181249,0.004825878527426602,0.0004068018127776582
100.0278643011728,17.45129166545579,1.583030587292244,5.208207095271887,0.0028138747639235616,0.0004286340004073577
100.02467845253258,17.71168253172522,1.5837633484507894,5.208228526971907,0.0010813337500482634,0.00045205222661603875
100.02130178655703,17.972072065116635,1.5840449400601218,5.208251129583238,-0.00038072001612232936,0.0004710570353434909
100.01785178223633,18.232461767375,1.5839457957898162,5.208274682435006,-0.0015876278784515876,0.0004883619016303946
100.01442757859465,18.49285298794254,1.5835323558592762,5.208299100530088,-0.0025562626550379793,0.0005044875647890843
100.01111101582164,18.75324682276362,1.5828666675599168,5.208324324908327,-0.003304930283546647,0.0005196586436960899
100.00796777967678,19.013644068813033,1.5820060116872838,5.208350307840512,-0.003853921075006455,0.0005337218740818123
100.00504864252468,19.274045222729914,1.5810023856208453,5.208376993934215,-0.00422380807500484,0.0005466566493775461
100.00239083856694,19.534450509457123,1.5799024296512574,5.208404326766684,-0.0044356192004206185,0.0005585210869570053
100.00001945806432,19.794859928703463,1.5787473085272783,5.208432252821032,-0.004510351307359898,0.0005691892932334873
99.99794887239607,20.055273309706738,1.5775727195487441,5.208460712285693,-0.004468212889610319,0.0005776317719705185
99.99618415713047,20.315690366096273,1.5764090978562066,5.208489593874292,-0.004328706654860096,0.00058719892454888
99.9947224618219,20.576110743698656,1.5752818001983702,5.208518953820519,-0.004111912122987083,0.0005986737200475105
99.99355433207698,20.836534071577837,1.5742109546045358,5.208548887506522,-0.0038322413399464374,0.0006061837110296478
99.99266507101112,21.096959997703905,1.5732129362289768,5.208579196692074,-0.003507276426758895,0.000612943060338388
99.99203571654245,21.357388197086166,1.5722995417499153,5.208609843845091,-0.003151611408632502,0.0006187602519485522
99.99164423367928,21.617818395036917,1.5714787673983128,5.208640781857688,-0.0027772461932129393,0.0006242320714375413
99.99146650429518,21.878250373484924,1.5707554844389442,5.20867199346126,-0.0023957293569027856,0.0006291059385741488
99.99147714101696,22.138683972940772,1.5701315566155252,5.208703448758189,-0.0020166697423378388,0.0006331217688472625
99.9916502705405,22.399119087833007,1.569606345239431,5.208735104846631,-0.0016479514472935422,0.0006369007223240179
99.99196018540246,22.659555658678833,1.569177158305962,5.208766949882747,-0.0012961304479990913,0.0006398232122842038
99.99238187878377,22.91999366477658,1.5688395963284627,5.208798941043361,-0.0009664702957757741,0.0006422536793107215
99.99289148923765,23.18043311324344,1.5685878888949887,5.208831053727327,-0.0006628418103670934,0.0006444039428900306
99.99346665776578,23.440874030817557,1.5684152573573522,5.208863273924471,-0.0003880673331113068,0.0006460867277612688
99.9940867904371,23.701316456223957,1.5683141878759264,5.208895578260859,-0.0001439721345710583,0.0006470637182543654
99.99473324989528,23.961760432835497,1.5682766910852983,5.208927931446771,6.870321063647068e-05,0.0006476117586638072
99.99538947924216,24.22220600267795,1.5682945845889273,5.208960312034704,0.00025010877757589774,0.0006479044958795927
99.9960410523556,24.48265320324528,1.5683597249230523,5.208992707259498,0.00040077655522918515,0.0006477719249010648
99.9966756637967,24.74310206546016,1.5684641070279293,5.209025095855743,0.0005219525410382328,0.0006469791347738007
99.99728309281079,25.00355261192365,1.5686000502160127,5.2090574448124825,0.000615272586176426,0.0006459878006923218
99.99785511889412,25.264004856000277,1.5687602997181829,5.209089744202517,0.0006828071881109949,0.0006433391925450448
99.99838541091596,25.524458803365757,1.568938139900407,5.2091219111621445,0.0007270308094685111,0.0006414591326803965
99.9988693867408,25.784914449264967,1.56912749948971,5.209153984118778,0.0007500253939017723,0.0006394677637887179
99.99930404545933,26.045371785785655,1.5693228493598363,5.209185957506968,0.0007544947699798161,0.000637179712797015
99.99968782621862,26.30583080091481,1.5695193645192314,5.2092178164926075,0.00074296127768224,0.0006347307197710586
100.0000204248601,26.56629147938145,1.569712876857662,5.209249553028596,0.0007180482179034338,0.0006320196883209709
100.00030262285995,26.826753804159164,1.5698999014594985,5.209281154013012,0.0006821864946017974,0.0006290591239745137
100.00053610940896,27.08721775720818,1.5700775865082095,5.209312606969211,0.0006376853582155983,0.0006258699600638307
100.00072331653466,27.347683320279987,1.570243681615744,5.209343900467214,0.000586703892424214,0.0006224093948553966
100.000867262467,27.608150475527836,1.5703964987241452,5.209375020936957,0.000531210157431983,0.0006187748771291391
100.00097140518244,27.868619205755092,1.5705348623638873,5.209405959680813,0.0004729785274347639,0.000614964126964683
100.00103950889992,28.12908949483578,1.5706580592172745,5.2094367078871615,0.0004136201444727621,0.0006109649728234652
100.00107552370953,28.3895613277403,1.57076579561239,5.209467256135802,0.00035451047769707574,0.0006067890382732745
100.0010834762693,28.650034690425688,1.5708581361467315,5.209497595587716,0.00029683720940527127,0.0006024364474661192
100.00106737648582,28.910509569707514,1.5709354547820302,5.209527717410089,0.00024155920007328695,0.0005978825050376473
100.00103113693068,29.170985953057052,1.570998375248827,5.209557611535341,0.00018955967926431944,0.0005932263745973012
100.00097850777799,29.431463828317,1.5710477513520287,5.209587272854071,0.00014111120663717671,0.0005883919826871722
100.00091301687003,29.691943183726693,1.5710845079092142,5.2096166924532055,9.697491602519368e-05,0.0005834195473043859
100.00083795121388,29.9524240075331,1.571109768016238,5.209645863430571,5.7384917678651694e-05,0.0005783768843866778
100.00075630532712,30.212906287909036,1.5711247157711803,5.20967478227479,2.2547396824526817e-05,0.0005732613127669041
100.00067076534023,30.473390012977582,1.5711305890014122,5.209703445340429,-7.745180293500813e-06,0.0005681323773839046
100.00058369499341,30.73387517069244,1.5711285714967893,5.209731851959298,-3.3329101399241534e-05,0.0005627732878581941
100.0004971497047,30.994361748913295,1.5711198897127332,5.2097599906236916,-5.445065700275716e-05,0.0005573839018766346
100.00041286544898,31.25484973480885,1.5711057059700249,5.2097878598187854,-7.131667426875962e-05,0.0005519204807756329
100.00033227545673,31.515339115333358,1.5710871287328505,5.209815455842824,-8.422065716856691e-05,0.0005463321024068255
100.00025652423625,31.7758298771112,1.571065190028806,5.209842772447944,-9.341253979987896e-05,0.0005404768647296202
100.00018648747829,32.03632200631844,1.571040856796575,5.20986979629118,-9.929775264473829e-05,0.0005319857331316555
100.00012278900542,32.296815488344905,1.571014990378501,5.209896395577837,-0.0001022913491420342,0.0005258766431441509
100.00006582827507,32.55731030189618,1.5709883440119876,5.209922689409994,-0.00010269633165791758,0.0005202370251318297
100.00001580853257,32.81780643156436,1.5709615920146138,5.209948701261251,-0.00010089600009463181,0.0005145407680204808
99.99997275736692,33.07830386306999,1.570935308865426,5.209974428299652,-9.725256804324829e-05,0.0005087919094371392
99.99993655271537,33.33880258196908,1.5709099746958364,5.209999867895124,-9.211331967982557e-05,0.0005030015352494074
99.99990694743799,33.59930257368154,1.570885979176702,5.210025017971886,-8.580572663543567e-05,0.0004971842852056632
99.99988359288042,33.85980382353324,1.5708636266776068,5.2100498771861465,-7.863286140328703e-05,0.000491339162638053
99.99986606109316,34.120306316802605,1.5708431426211327,5.210074444144278,-7.087156145356609e-05,0.000485468566247609
99.99985386539618,34.38081003872434,1.5708246803155905,5.210098717572591,-6.277031632101959e-05,0.00047957548014990246
99.99984647916409,34.64131497449826,1.570808328338373,5.210122696346598,-5.4548236869395524e-05,0.00047366594017859043
99.99984335268839,34.901821109296826,1.570794118188032,5.210146379643607,-4.639475399321497e-05,0.000467753985353362
99.99984392804664,35.16232842827837,1.5707820320150585,5.210169767342875,-3.8469681113817325e-05,0.00046184016248353177
99.99984765195813,35.4228369166189,1.5707720103365865,5.210192859350999,-3.090470860511306e-05,0.00045592393390074917
99.99985398663,35.68334655950943,1.570763959361983,5.210215655547694,-2.3804709473622593e-05,0.00045002578936969624
99.99986241869529,35.94385734215035,1.5707577579784848,5.210238156837162,-1.7249589028319857e-05,0.00044414023723817164
99.99987246633123,36.20436924979845,1.5707532642551376,5.210260363849025,-1.1295017365513507e-05,0.0004378190079367924
99.99988368468343,36.46488226774935,1.5707503217560728,5.210282254799421,-5.983222469260952e-06,0.00043217811981980547
99.9998956696453,36.72539638021364,1.5707487630421797,5.210303863705412,-1.3242657890212881e-06,0.0004227097736027027
99.99990806072552,36.985911573104225,1.5707484180508215,5.210324999194092,2.6859711542133858e-06,0.00041451808042412824
99.99992054173185,37.24642782276496,1.570749117789954,5.210345725098113,6.054663338043519e-06,0.0004082836787702266
99.9999328404937,37.50694510872955,1.5707506951344161,5.210366139282052,8.804915501287478e-06,0.00040267435914287354
99.99994472837663,37.76746341542243,1.5707529889760954,5.210386273000009,1.0960840745423708e-05,0.0003964189705297228
99.99995601871544,38.02798272882778,1.5707558444868033,5.210406093948536,1.2573979247339695e-05,0.00039011753453973294
99.99996656517867,38.288503033311734,1.5707591202637081,5.210425599825263,1.375432222899399e-05,0.000384585619169877
99.9999762582718,38.54902431312267,1.5707627035573406,5.210444829106222,1.4442937267761148e-05,0.0003794876865530952
99.99998501787302,38.80954655443072,1.5707664662637306,5.2104638034905495,1.4679477594380491e-05,0.0003739734512193174
99.99999279723386,39.070069744489096,1.5707702906080634,5.21048250216311,1.4588848772637554e-05,0.00036854890859391507
99.99999958028866,39.33059386950895,1.5707740913551262,5.21050092960854,1.4213308773359185e-05,0.0003631943750143722
100.00000537317764,39.59111891592497,1.5707777942780545,5.210519089327291,1.359539656999445e-05,0.0003578671775059605
100.00001020137928,39.8516448703466,1.5707813362317218,5.2105369826861665,1.2795945215766165e-05,0.0003525868191266663
100.00001410682347,40.11217171945163,1.5707846699190107,5.2105546120271224,1.1632601033545372e-05,0.000347340056712237
100.00001714376289,40.372699450035284,1.5707877005341588,5.210571979029958,1.0633416903574745e-05,0.0003421100309389069
100.00001939115052,40.63322804897709,1.5707904708433666,5.210589084531505,9.361883097659957e-06,0.0003369343010376073
100.00002091679838,40.8937575031992,1.5707929098896605,5.210605931246557,8.339270560229839e-06,0.0003317786460628618
100.00002180700571,41.154287799760006,1.5707950825222925,5.210622520178861,7.246266042251258e-06,0.0003266635330383286
100.00002213117745,41.41481892576875,1.5707969704001439,5.210638853355513,6.156517702700653e-06,0.00032158448757761503
100.00002196349772,41.67535086843647,1.570798574369661,5.210654932579891,5.107276485481832e-06,0.000316525743535187
100.00002137793089,41.9358836150648,1.5707999049824313,5.210670758867068,4.100459154757389e-06,0.00031147094748398824
100.00002044569304,42.196417153006486,1.570800973289562,5.210686332414443,3.1547304032446243e-06,0.0003065349960880153
100.00001923512173,42.45695146962439,1.5708017952050914,5.210701659164247,2.2672600179574848e-06,0.0003015442020874081
100.00001781040902,42.71748655257871,1.5708023859058686,5.210716736374351,1.4610638227410714e-06,0.00029668999923758264
100.00001623179347,42.97802238939265,1.570802766565354,5.210731570874313,7.407660407088826e-07,0.00029217240581039163
100.0000145539977,43.23855896793096,1.5708029595620037,5.2107461794946035,1.1896367404457478e-07,0.00028767139444141495
100.00001282591441,43.49909627689996,1.570802990556479,5.2107605630643254,-4.2435444820011445e-07,0.00028302541696792526
100.00001108975111,43.75963430504739,1.570802879996008,5.210774714335174,-8.724103985392339e-07,0.0002783455989208461
100.00000938238838,44.02017304075856,1.5708026526993057,5.21078863161512,-1.2387992254774483e-06,0.00027367607505977625
100.00000773424084,44.2807124723341,1.5708023299432599,5.210802315418873,-1.531573935152038e-06,0.00026907988294453544
100.00000617017987,44.54125258810035,1.5708019309068098,5.210815769413021,-1.7212307420899505e-06,0.00026455402976078446
100.00000471008013,44.801793376566906,1.5708014824559946,5.2108289971145085,-1.8818323452981296e-06,0.00026007209714701415
